Name,Location,Gender,Purpose,Beds,Last Updated
Cygnet Storthfield House,House,Male,Rehab,4,Last Updated Date Here
Cygnet Hospital Derby,Derby,Male,Rehab,4,Last Updated Date Here
Cygnet Hospital Kewstoke,Kewstoke,Male,Rehab,4,Last Updated Date Here
Cygnet St Augustine’s,Augustine’s,Male,Rehab,4,Last Updated Date Here
Cygnet Delfryn House,House,Male,Rehab,4,Last Updated Date Here
Cygnet Lodge Kenton,Kenton,Female,Rehab,3,Last Updated Date Here
Cygnet Hospital Colchester,Colchester,Male,Rehab,3,Last Updated Date Here
Cygnet Fountains,Fountains,Male,Rehab,3,Last Updated Date Here
Cygnet Aspen House,House,Female,Rehab,3,Last Updated Date Here
Cygnet Oaks,Oaks,Male,Rehab,2,Last Updated Date Here
Ty Alarch,Alarch,Female,Rehab,2,Last Updated Date Here
Gledholt Mews and Coach House,House,Male,Rehab,2,Last Updated Date Here
Cygnet Hospital Maidstone,Maidstone,Male,Rehab,2,Last Updated Date Here
1 Vincent Court,Court,Male,Rehab,2,Last Updated Date Here
15 The Sycamores,Sycamores,Male,Rehab,2,Last Updated Date Here
Cygnet St Teilo House,House,Female,Rehab,2,Last Updated Date Here
Cygnet Delfryn Lodge,Lodge,Female,Rehab,2,Last Updated Date Here
12 Woodcross Street,Street,Male,Rehab,1,Last Updated Date Here
20A and 20B Turls Hill Road,Road,Male,Rehab,1,Last Updated Date Here
Cygnet Lodge Woking,Woking,Male,Rehab,1,Last Updated Date Here
Cygnet Hospital Beckton,Beckton,Female,PDU,4,Last Updated Date Here
Cygnet Maple House,House,Female,PDU,4,Last Updated Date Here
Cygnet Hospital Maidstone,Maidstone,Female,PDU,2,Last Updated Date Here
Gledholt Mews and Coach House,House,Male,PDU,2,Last Updated Date Here
Cygnet Hospital Bury,Bury,Male,PDU,1,Last Updated Date Here
Cygnet Hospital Clifton,Clifton,Male,PDU,1,Last Updated Date Here
Cygnet Hospital Bury,Bury,Male,PDU,1,Last Updated Date Here
Cygnet Acer Clinic,Clinic,Female,PDU,1,Last Updated Date Here
Cygnet Hospital Beckton,Beckton,Female,Acute/PICU,4,Last Updated Date Here
Cygnet Hospital Godden Green,Green,Female,Acute/PICU,3,Last Updated Date Here
Cygnet Hospital Wyke,Wyke,Male,Acute/PICU,3,Last Updated Date Here
Cygnet Appletree,Appletree,Female,Acute/PICU,3,Last Updated Date Here
Cygnet Hospital Stevenage,Stevenage,Male,Acute/PICU,3,Last Updated Date Here
Cygnet Hospital Woking,Woking,Female,Acute/PICU,2,Last Updated Date Here
Cygnet Hospital Sherwood,Sherwood,Male,Acute/PICU,2,Last Updated Date Here
Cygnet Hospital Taunton,Taunton,Female,Acute/PICU,2,Last Updated Date Here
Cygnet Hospital Stevenage,Stevenage,Male,Acute/PICU,2,Last Updated Date Here
Cygnet Hospital Hexham,Hexham,Female,Acute/PICU,2,Last Updated Date Here
Cygnet Hospital Stevenage,Stevenage,Female,Acute/PICU,1,Last Updated Date Here
Cygnet Hospital Kewstoke,Kewstoke,Female,Acute/PICU,1,Last Updated Date Here
Cygnet Hospital Bierley,Bierley,Female,Acute/PICU,1,Last Updated Date Here
Cygnet Hospital Bury,Bury,Male,Acute/PICU,1,Last Updated Date Here
Cygnet Hospital Taunton,Taunton,Male,Acute/PICU,1,Last Updated Date Here
Cygnet Hospital Blackheath,Blackheath,Male,Acute/PICU,1,Last Updated Date Here
