Cygnet Lodge Salford,Female,5,Rehab,2024-09-16,10:18:19
Cygnet Hospital Derby,Male,4,Rehab,2024-09-16,10:18:19
Cygnet Hospital Kewstoke,Male,4,Rehab,2024-09-16,10:18:19
Cygnet Delfryn House,Male,4,Rehab,2024-09-16,10:18:19
Cygnet Fountains,Male,4,Rehab,2024-09-16,10:18:19
Cygnet St Augustineâ€™s,Male,4,Rehab,2024-09-16,10:18:19
Cygnet Storthfield House,Male,4,Rehab,2024-09-16,10:18:19
Cygnet Hospital Maidstone,Male,3,Rehab,2024-09-16,10:18:19
Cygnet Oaks,Male,3,Rehab,2024-09-16,10:18:19
Cygnet Sherwood House,Male,3,Rehab,2024-09-16,10:18:19
Cygnet Lodge Kenton,Female,2,Rehab,2024-09-16,10:18:19
Ty Alarch,Female,2,Rehab,2024-09-16,10:18:19
Cygnet Churchill,Male,2,Rehab,2024-09-16,10:18:19
1 Vincent Court,Male,2,Rehab,2024-09-16,10:18:19
15 The Sycamores,Male,2,Rehab,2024-09-16,10:18:19
Cygnet Delfryn Lodge,Female,2,Rehab,2024-09-16,10:18:19
Cygnet Aspen House,Female,2,Rehab,2024-09-16,10:18:19
12 Woodcross Street,Male,1,Rehab,2024-09-16,10:18:19
Cygnet St Teilo House,Female,1,Rehab,2024-09-16,10:18:19
20A and 20B Turls Hill Road,Male,1,Rehab,2024-09-16,10:18:19
Cygnet Hospital Colchester,Male,1,Rehab,2024-09-16,10:18:19
Cygnet Lodge Woking,Male,1,Rehab,2024-09-16,10:18:19
Cygnet Hospital Kewstoke,Female,4,PDU,2024-09-16,10:18:19
Cygnet Hospital Beckton,Female,4,PDU,2024-09-16,10:18:19
Cygnet Hospital Maidstone,Female,3,PDU,2024-09-16,10:18:19
Cygnet Maple House,Female,3,PDU,2024-09-16,10:18:19
Cygnet Hospital Bury,Male,2,PDU,2024-09-16,10:18:19
Cygnet Hospital Clifton,Male,1,PDU,2024-09-16,10:18:19
Cygnet Acer Clinic,Female,1,PDU,2024-09-16,10:18:19
Cygnet Hospital Taunton,Male,4,Acute/PICU,2024-09-16,10:18:19
Cygnet Hospital Beckton,Female,4,Acute/PICU,2024-09-16,10:18:19
Cygnet Hospital Oldbury,Female,4,Acute/PICU,2024-09-16,10:18:19
Cygnet Hospital Oldbury,Female,4,Acute/PICU,2024-09-16,10:18:19
Cygnet Hospital Taunton,Female,4,Acute/PICU,2024-09-16,10:18:19
Cygnet Hospital Stevenage,Male,4,Acute/PICU,2024-09-16,10:18:19
Cygnet Appletree,Female,3,Acute/PICU,2024-09-16,10:18:19
Cygnet Hospital Wolverhampton,Male,3,Acute/PICU,2024-09-16,10:18:19
Cygnet Hospital Wolverhampton,Male,2,Acute/PICU,2024-09-16,10:18:19
Cygnet Hospital Taunton,Male,2,Acute/PICU,2024-09-16,10:18:19
Cygnet Appletree,Female,2,Acute/PICU,2024-09-16,10:18:19
Cygnet Hospital Godden Green,Female,2,Acute/PICU,2024-09-16,10:18:19
Cygnet Hospital Kewstoke,Male,1,Acute/PICU,2024-09-16,10:18:19
Cygnet Hospital Bierley,Female,1,Acute/PICU,2024-09-16,10:18:19
Cygnet Hospital Bierley,Male,1,Acute/PICU,2024-09-16,10:18:19
Cygnet Hospital Stevenage,Male,1,Acute/PICU,2024-09-16,10:18:19
Cygnet Hospital Godden Green,Female,1,Acute/PICU,2024-09-16,10:18:19
Cygnet Hospital Bury,Male,1,Acute/PICU,2024-09-16,10:18:19
Cygnet Hospital Kewstoke,Female,1,Acute/PICU,2024-09-16,10:18:19
Cygnet Hospital Sherwood,Male,1,Acute/PICU,2024-09-16,10:18:19
Cygnet Hospital Sherwood,Male,1,Acute/PICU,2024-09-16,10:18:19
Cygnet Hospital Sherwood,Male,1,Acute/PICU,2024-09-16,10:18:19